<?xml version="1.0" encoding="UTF-8" ?>
<!DOCTYPE tiles-definitions PUBLIC
	"-//Apache Software Foundation//DTD Tiles Configuration 2.0//EN"
	"http://tiles.apache.org/dtds/tiles-config_2_0.dtd">
<tiles-definitions>
	<definition name="baseLayout" template="/layout/baseLayout.jsp">
		<put-attribute name="title" value="Template" />
		<put-attribute name="menu" value="/jsp/topmenu.jsp" />
		<put-attribute name="body" value="/html/body.html" />
		<put-attribute name="footer" value="/html/footer.html" />
	</definition>
	<definition name="writeMessage" extends="baseLayout">
		<put-attribute name="title" value="Message" />		
		<put-attribute name="body" value="/jsp/touch/touchm.jsp" />		
	</definition>	
</tiles-definitions>