<?xml version="1.0" encoding="ISO-8859-1"?>
<!DOCTYPE log4j:configuration SYSTEM "log4j.dtd">
<log4j:configuration xmlns:log4j="http://jakarta.apache.org/log4j/" debug="false">
    <appender name="console" class="org.apache.log4j.ConsoleAppender">
        <layout class="org.apache.log4j.PatternLayout">
            <param name="ConversionPattern" value="[%-5p] %d{yyyy-MM-dd HH:mm:ss} %c %n%m%n" />
        </layout>   
    </appender>
	 
	<logger name="com.mm" additivity="true">	
        <level value="DEBUG"/>
        <appender-ref ref="console"/>
    </logger>   
    
	
    <!--log SQL (pre-execution) plus exceptions caused by SQL-->
	<logger name="jdbc.sqlonly" additivity="false">
		<level value="INFO" />
		<appender-ref ref="console" />
	</logger>
	
	<!--log SQL with timing information, post execution, all jdbc calls except ResultSet calls, jdbc ResultSet calls-->
	<logger name="jdbc" additivity="false">
		<level value="OFF" />
		<appender-ref ref="console" />
	</logger>

    <root>
    	<level value="debug"/>
    	<appender-ref ref="console"/>
    </root>
</log4j:configuration>
