<?xml version="1.0" encoding="UTF-8"?>
<beans xmlns="http://www.springframework.org/schema/beans"
	xmlns:xsi="http://www.w3.org/2001/XMLSchema-instance"
	xmlns:context="http://www.springframework.org/schema/context"	
	xsi:schemaLocation="	    
		http://www.springframework.org/schema/beans	http://www.springframework.org/schema/beans/spring-beans-3.0.xsd
		http://www.springframework.org/schema/context http://www.springframework.org/schema/context/spring-context-3.0.xsd">


	
	<!-- Scans the classpath of this application for @Components to deploy as beans -->
	
	<!-- 
	<bean class="org.springframework.web.servlet.mvc.annotation.AnnotationMethodHandlerAdapter"/>
	 -->
	 
	
	<bean class="org.springframework.web.servlet.mvc.annotation.AnnotationMethodHandlerAdapter">
	<property name="messageConverters">
		<list>
			<bean class="org.springframework.http.converter.json.MappingJacksonHttpMessageConverter"/>
		</list>
	</property>
	</bean>	
	
	
	<bean class="org.springframework.web.servlet.view.ContentNegotiatingViewResolver">
	  <property name="mediaTypes">
	    <map>
	      <entry key="atom" value="application/atom+xml"/>
	      <entry key="html" value="text/html"/>
	      <entry key="json" value="application/json"/>
	    </map>
	  </property>
	  <property name="viewResolvers">
	    <list>
	      <bean class="org.springframework.web.servlet.view.BeanNameViewResolver"/>
	      <bean class="org.springframework.web.servlet.view.InternalResourceViewResolver">
	        <property name="prefix" value="/WEB-INF/jsp/"/>
	        <property name="suffix" value=".jsp"/>
	      </bean>
	    </list>
	  </property>
	  <property name="defaultViews">
	    <list>
	      <bean class="org.springframework.web.servlet.view.json.MappingJacksonJsonView" />
	    </list>
	  </property>
	</bean>
	 

 	
	<!-- Application Architecture Definition
	     @Controller, @Service @Repository로 구분된 component scan 후 등록함 
	  -->
	<context:annotation-config />
	
	<context:component-scan base-package="com.mm.*.web" />
	<context:component-scan base-package="com.mm.*.service" />
	<context:component-scan base-package="com.mm.*.dao" />
	<context:component-scan base-package="com.mm.core.*.dao" />		

	<!-- Application Message Bundle -->
	<bean id="messageSource" class="org.springframework.context.support.ReloadableResourceBundleMessageSource">
		<property name="basename" value="/WEB-INF/messages/messages" />
		<property name="cacheSeconds" value="0" />
	</bean>

	<!-- Configures Spring MVC -->
	 
	<!--  import resource="applicationContext-mvc.xml" / -->	
	
	<!-- import resource="applicationContext-jdbc.xml" / -->
	 
	<!--  import resource="controllers.xml" / -->
	
	<!-- iBatis Configuration -->	
	
	<bean id="sqlMapClient" class="org.springframework.orm.ibatis.SqlMapClientFactoryBean">
		<property name="configLocation" value="/WEB-INF/config/ibatis/sql-map-config.xml" />		
		<property name="dataSource" ref="dataSource" />
	</bean>	 
	

	<bean id="sqlMapClientTemplate" class="org.springframework.orm.ibatis.SqlMapClientTemplate">
		<property name="sqlMapClient">
			<ref bean="sqlMapClient" />
		</property>
	</bean>	 
	   
</beans>
