<?xml version="1.0" encoding="UTF-8"?>
<beans xmlns="http://www.springframework.org/schema/beans" 
	xmlns:xsi="http://www.w3.org/2001/XMLSchema-instance"
	xmlns:config="http://www.anyframejava.org/schema/service"
	xsi:schemaLocation="http://www.springframework.org/schema/beans http://www.springframework.org/schema/beans/spring-beans-3.0.xsd
						http://www.anyframejava.org/schema/service  http://www.anyframejava.org/schema/service/anyframe-core-service-2.0.xsd">
						
	<bean id="configurableCallBack" scope="prototype"
		class="anyframe.common.config.ConfigurableCallback" />						
	
	<bean name="queryService" class="anyframe.core.query.impl.QueryServiceImpl">
		<property name="jdbcTemplate" ref="jdbcTemplate"/>
		<property name="pagingSQLGenerator" ref="pagingSQLGenerator"/>
		<property name="sqlRepository" ref="sqlLoader"/>
		<!--foundation propertyLobHandler-START-->
		<property name="lobHandler" ref="lobHandler"/>
		<!--foundation propertyLobHandler-END-->				
	</bean>
	
	<bean name="sqlLoader" class="anyframe.core.query.impl.config.loader.SQLLoader">
		<config:configuration>
  		    <filename>classpath:sql/**/mapping-*.xml</filename>
			<nullcheck type="VARCHAR" default-value="" />
			<sqlload dynamic="true" frequency="5" />
			<skiperror>true</skiperror>
		</config:configuration>
	</bean>
	
    <bean id="jdbcTemplate" class="anyframe.core.query.impl.jdbc.PagingJdbcTemplate">
      <property name="dataSource" ref="dataSource" />
      <!-- property name="dataSource" ref="routingDataSource" / -->
      <property name="exceptionTranslator" ref="exceptionTranslator" />
    </bean>
    
    <bean id="exceptionTranslator" class="anyframe.core.query.impl.util.RawSQLExceptionTranslator"/>
    
   	<!--foundation generator-START-->
	<bean id="pagingSQLGenerator" class="anyframe.core.query.impl.jdbc.generator.OraclePagingSQLGenerator"/>
	<!--foundation generator-END-->
	
	<!--foundation lobHandler-START-->
	<bean id="lobHandler" class="org.springframework.jdbc.support.lob.DefaultLobHandler" lazy-init="true">
		<property name="wrapAsLob" value="true"/>
	</bean>		
	<!--foundation lobHandler-END-->

</beans>	
